# send/public_send with a non-literal name, reviewed by hand. dead_methods.rb matches
# a site by file and a snippet of its line. Columns (tab-separated):
#   path	snippet	names	note
# names is a Ruby regexp for the method names the site can call, or "-" when every
# name it can call is already written as a literal symbol somewhere (so the index
# counts it). A site with no row here protects every method its receiver can hold.
app/controllers/api/v2/api_controller.rb	send(url_helper	_(url|path)\z	url_helper is a route helper name
app/models/user.rb	send(setting_symbol)	-	every setting_on?/setting_on! caller passes a literal symbol
app/jobs/send_stats.rb	send(measurement)	-	MEASUREMENTS is a literal symbol list
app/jobs/image_crawler/lib/processor/cropper.rb	send(@crop) if PNG_CROPS	-	guarded by the PNG_CROPS literal list
app/jobs/image_crawler/lib/image.rb	ATTRIBUTES.index_with { public_send(it) }	-	ATTRIBUTES is a literal symbol list
app/models/sourceable.rb	self.send(attribute)	-	ATTRIBUTES is a literal symbol list
app/views/onboarding/show_view.rb	send(panel)	-	panels come from a literal symbol array
app/views/components/common/dropdown_menu.rb	send @type	-	@type is a Phlex tag name (:button by default)
